{"cameraMode":{"drawMode":0,"name":"Shaded","section":"Shading Mode"},"sceneLighting":true,"audioPlay":false,"sceneViewState":{"showFog":true,"showMaterialUpdate":false,"showSkybox":true,"showFlares":true,"showImageEffects":true,"showParticleSystems":true},"in2DMode":false,"pivot":{"x":811.3570556640625,"y":563.9197387695313,"z":-334.74993896484377},"rotation":{"x":0.06477198749780655,"y":-0.011491667479276657,"z":0.00006234593456611037,"w":0.9978815317153931},"size":309.2462463378906,"orthographic":false}