{"cameraMode":{"drawMode":0,"name":"Shaded","section":"Shading Mode"},"sceneLighting":true,"audioPlay":false,"sceneViewState":{"showFog":true,"showMaterialUpdate":false,"showSkybox":true,"showFlares":true,"showImageEffects":true,"showParticleSystems":true},"in2DMode":false,"pivot":{"x":148.52540588378907,"y":-0.44806909561157229,"z":331.4570617675781},"rotation":{"x":0.3006354868412018,"y":0.14892029762268067,"z":-0.047736749053001407,"w":0.9408308267593384},"size":4.549794673919678,"orthographic":false}