{"cameraMode":{"drawMode":0,"name":"Shaded","section":"Shading Mode"},"sceneLighting":true,"audioPlay":false,"sceneViewState":{"showFog":true,"showMaterialUpdate":false,"showSkybox":true,"showFlares":true,"showImageEffects":true,"showParticleSystems":true},"in2DMode":false,"pivot":{"x":127.13079833984375,"y":19.022132873535158,"z":119.56005096435547},"rotation":{"x":-0.5337284803390503,"y":0.2878780961036682,"z":-0.19962894916534425,"w":-0.7696848511695862},"size":19.522621154785158,"orthographic":false}