{"cameraMode":{"drawMode":0,"name":"Shaded","section":"Shading Mode"},"sceneLighting":true,"audioPlay":false,"sceneViewState":{"showFog":true,"showMaterialUpdate":false,"showSkybox":true,"showFlares":true,"showImageEffects":true,"showParticleSystems":true},"in2DMode":false,"pivot":{"x":184.57516479492188,"y":8.677480697631836,"z":316.3598327636719},"rotation":{"x":0.0919497013092041,"y":-0.3434367775917053,"z":0.03292367607355118,"w":0.9341620206832886},"size":6.575725078582764,"orthographic":false}