{"cameraMode":{"drawMode":0,"name":"Shaded","section":"Shading Mode"},"sceneLighting":true,"audioPlay":false,"sceneViewState":{"showFog":true,"showMaterialUpdate":false,"showSkybox":true,"showFlares":true,"showImageEffects":true,"showParticleSystems":true},"in2DMode":false,"pivot":{"x":99.08373260498047,"y":4.817538261413574,"z":328.6337585449219},"rotation":{"x":0.1558687835931778,"y":-0.531822919845581,"z":0.10009338706731796,"w":0.8263717889785767},"size":8.833179473876954,"orthographic":false}