{"cameraMode":{"drawMode":0,"name":"Shaded","section":"Shading Mode"},"sceneLighting":true,"audioPlay":false,"sceneViewState":{"showFog":true,"showMaterialUpdate":false,"showSkybox":true,"showFlares":true,"showImageEffects":true,"showParticleSystems":true},"in2DMode":false,"pivot":{"x":102.35025024414063,"y":-5.776147842407227,"z":764.4320068359375},"rotation":{"x":0.2209094762802124,"y":0.09293851256370545,"z":-0.021503139287233354,"w":0.9706532955169678},"size":64.64938354492188,"orthographic":false}