{"cameraMode":{"drawMode":0,"name":"Shaded","section":"Shading Mode"},"sceneLighting":true,"audioPlay":false,"sceneViewState":{"showFog":true,"showMaterialUpdate":false,"showSkybox":true,"showFlares":true,"showImageEffects":true,"showParticleSystems":true},"in2DMode":false,"pivot":{"x":141.8784637451172,"y":31.389606475830079,"z":490.2417297363281},"rotation":{"x":-0.30155864357948305,"y":-0.6733411550521851,"z":0.3535999059677124,"w":-0.5750636458396912},"size":23.19135093688965,"orthographic":false}