{"cameraMode":{"drawMode":0,"name":"Shaded","section":"Shading Mode"},"sceneLighting":true,"audioPlay":false,"sceneViewState":{"showFog":true,"showMaterialUpdate":false,"showSkybox":true,"showFlares":true,"showImageEffects":true,"showParticleSystems":true},"in2DMode":false,"pivot":{"x":135.3391876220703,"y":-5.439133167266846,"z":27.180564880371095},"rotation":{"x":0.19897878170013429,"y":0.09374617040157318,"z":-0.019860703498125078,"w":0.9753722548484802},"size":1.1534709930419922,"orthographic":false}