{"cameraMode":{"drawMode":0,"name":"Shaded","section":"Shading Mode"},"sceneLighting":false,"audioPlay":false,"sceneViewState":{"showFog":true,"showMaterialUpdate":false,"showSkybox":false,"showFlares":true,"showImageEffects":true,"showParticleSystems":true},"in2DMode":false,"pivot":{"x":0.0,"y":0.13092589378356934,"z":-5.960464477539063e-8},"rotation":{"x":-0.0039571127854287628,"y":0.3616395890712738,"z":0.001383219612762332,"w":0.9323081970214844},"size":0.3180837333202362,"orthographic":false}